pmid,title,doi,journal,pub_year,cancer_type,modality,task_type,study_design,screening_or_clinical,cohort_size,stage_info,input_modalities,model_type,comparator,auc,sensitivity,specificity,validation_type,key_limitations,relevance,design_quality,metric_comparability,generalizability,impact,total_score,core_library,category,rq_group
35311112,A Classifier for Improving Early Lung Cancer Diagnosis Incorporating Artificial Intelligence and Liquid Biopsy.,10.3389/fonc.2022.853801,Frontiers in oncology,2022,lung,LDCT,screening,prospective_cohort,both,560.0,,LDCT|CT|clinical_features,other_ML,,0.895,0.8953,0.8131,external_validation,,16,20,17,10,3,66,True,cat4_physical_exam_ai_model,RQ1_imaging+clinical
35108060,Lung cancer scRNA-seq and lipidomics reveal aberrant lipid metabolism for early-stage diagnosis.,10.1126/scitranslmed.abk2756,Science translational medicine,2022,lung,LDCT,screening,prospective_cohort,both,1036.0,early,LDCT|CT|imaging,SVM,,,,,external_validation,,16,22,6,10,11,65,True,cat4_physical_exam_ai_model,RQ1_imaging_only
40478347,Beyond nodules: body composition as a biomarker for future lung cancer.,10.1007/s00330-025-11735-6,European radiology,2025,lung,LDCT,screening,retrospective_cohort,both,16360.0,,LDCT|CT|clinical_features,Cox,,0.77,,,external_validation,retrospective study,13,19,9,7,13,61,True,cat3_physical_exam_traditional_model,RQ1_imaging+clinical
38042167,Low-dose CT screening among never-smokers with or without a family history of lung cancer in Taiwan: a prospective cohort study.,10.1016/S2213-2600(23)00338-7,The Lancet. Respiratory medicine,2024,lung,LDCT,screening,prospective_cohort,both,6009.0,mixed,LDCT|clinical_features,logistic_regression,,,,,none,,13,16,6,12,12,59,True,cat3_physical_exam_traditional_model,RQ1_imaging+clinical
35699582,Deep Learning to Optimize Candidate Selection for Lung Cancer CT Screening: Advancing the 2021 USPSTF Recommendations.,10.1148/radiol.212877,Radiology,2022,lung,LDCT,screening,retrospective_cohort,screening,7835.0,,LDCT,deep_learning,,,,,external_validation,single-center; retrospective study,16,19,7,10,7,59,True,cat4_physical_exam_ai_model,RQ1_imaging_only
40956165,External Test of a Deep Learning Algorithm for Pulmonary Nodule Malignancy Risk Stratification Using European Screening Data.,10.1148/radiol.250874,Radiology,2025,lung,LDCT,screening,retrospective_cohort,both,4146.0,,LDCT|clinical_features,deep_learning,the pan-canadian early detection of lung cancer (pancan) mod,,,,none,retrospective study,16,13,8,12,8,57,True,cat4_physical_exam_ai_model,RQ1_imaging+clinical
35565275,Potential of Inflammatory Protein Signatures for Enhanced Selection of People for Lung Cancer Screening.,10.3390/cancers14092146,Cancers,2022,lung,LDCT,screening,RCT,screening,9940.0,,LDCT|CT|blood_protein|clinical_features,,,,,,external_validation,,13,24,4,13,3,57,True,cat2_single_modality_screening,RQ1_imaging+liquid
34017001,Deep learning predicts cardiovascular disease risks from lung cancer screening low dose computed tomography.,10.1038/s41467-021-23235-4,Nature communications,2021,lung,LDCT,screening,other,screening,2085.0,,LDCT|CT,deep_learning,,0.768,,,none,,16,14,6,10,10,56,True,cat4_physical_exam_ai_model,RQ1_imaging_only
40133038,Cost-effective shallow genome-wide sequencing for profiling plasma cfDNA signatures to enhance lung cancer detection.,10.1080/14796694.2025.2483154,"Future oncology (London, England)",2025,lung,LDCT,screening,other,both,168.0,early,LDCT|CT|cfDNA_fragmentomics|ctDNA,ensemble,,0.97,,0.92,external_validation,,20,11,15,5,4,55,True,cat4_physical_exam_ai_model,RQ1_imaging+liquid
39958220,Deep learning-based lung cancer risk assessment using chest computed tomography images without pulmonary nodules ≥8 mm.,10.21037/tlcr-24-882,Translational lung cancer research,2025,lung,LDCT,screening,prospective_cohort,both,1064.0,,LDCT|CT,deep_learning,,0.82,,,none,,16,18,5,8,8,55,True,cat4_physical_exam_ai_model,RQ1_imaging_only
36634294,Sybil: A Validated Deep Learning Model to Predict Future Lung Cancer Risk From a Single Low-Dose Chest Computed Tomography.,10.1200/JCO.22.01345,Journal of clinical oncology : official journal of the American Society of Clinical Oncology,2023,lung,LDCT,screening,other,both,6282.0,,LDCT|CT|clinical_features|imaging,deep_learning,,0.92,,,external_validation,,16,8,7,8,15,54,True,cat4_physical_exam_ai_model,RQ1_imaging+clinical
39484267,Body composition as a biomarker for assessing future lung cancer risk.,10.1101/2024.10.14.24315477,medRxiv : the preprint server for health sciences,2024,lung,LDCT,screening,other,screening,16435.0,,LDCT|CT|clinical_features,Cox,,0.76,,,none,,16,11,9,2,15,53,True,cat4_physical_exam_ai_model,RQ1_imaging+clinical
41419702,Harnessing Native-Resolution 2D Embeddings for Lung Cancer Classification: A Feasibility Study with the RAD-DINO Self-supervised Foundation Model.,10.1007/s10278-025-01748-4,Journal of imaging informatics in medicine,2025,lung,LDCT,screening,other,both,1984.0,,LDCT,other_ML,,0.705,,,external_validation,"single‑cohort evaluation, lack of lung‑rads labels in public nlst, and a cxr → ct pretraining shift; future work will pursue external validation and c",13,17,7,7,9,53,True,cat2_single_modality_screening,RQ1_imaging_only
36174098,Development of deep learning-assisted overscan decision algorithm in low-dose chest CT: Application to lung cancer screening in Korean National CT accreditation program.,10.1371/journal.pone.0275531,PloS one,2022,lung,LDCT,screening,retrospective_cohort,screening,210.0,,LDCT|CT|imaging,deep_learning,,,,,external_validation,single institution,16,15,15,4,3,53,True,cat4_physical_exam_ai_model,RQ1_imaging_only
39146624,Non-invasive diagnosis of pulmonary nodules by circulating tumor DNA methylation: A prospective multicenter study.,10.1016/j.lungcan.2024.107930,"Lung cancer (Amsterdam, Netherlands)",2024,lung,other,diagnosis,prospective_cohort,clinical_diagnosis,95.0,early,CT|ctDNA,,,0.815,0.744,0.737,none,single-center,5,12,17,10,8,52,True,cat2_single_modality_screening,RQ1_imaging+liquid
33092589,Artificial neural networks improve LDCT lung cancer screening: a comparative validation study.,10.1186/s12885-020-07465-1,BMC cancer,2020,lung,LDCT,screening,prospective_cohort,both,602.0,,LDCT|CT,deep_learning,"the lung-rads, the ann provided better sensitivity for the d",0.873,0.75,0.85,none,,13,16,16,5,2,52,True,cat4_physical_exam_ai_model,RQ1_imaging_only
38214839,Computer-aided diagnosis of distal metastasis in non-small cell lung cancer by low-dose CT based radiomics and deep learning signatures.,10.1007/s11547-024-01770-6,La Radiologia medica,2024,lung,LDCT,screening,prospective_cohort,both,674.0,,LDCT|CT|clinical_features,deep_learning,,,,,external_validation,,13,20,5,10,4,52,True,cat4_physical_exam_ai_model,RQ1_imaging+clinical
34528761,Evaluating the clinical trends and benefits of low-dose computed tomography in lung cancer patients.,10.1002/cam4.4229,Cancer medicine,2021,lung,LDCT,screening,RCT,both,4664.0,mixed,LDCT|CT,logistic_regression,"no screening, patients with ≥1 ldct were more than twice as",0.87,,,none,,13,18,9,5,6,51,True,cat4_physical_exam_ai_model,RQ1_imaging_only
36701900,"OWL: an optimized and independently validated machine learning prediction model for lung cancer screening based on the UK Biobank, PLCO, and NLST populations.",10.1016/j.ebiom.2023.104443,EBioMedicine,2023,lung,LDCT,screening,other,both,323344.0,,LDCT|CT,random_forest,"three competitive prediction models, i",0.855,,,none,,13,12,9,5,12,51,True,cat4_physical_exam_ai_model,RQ1_imaging_only
36832135,Machine Learning System for Lung Neoplasms Distinguished Based on Scleral Data.,10.3390/diagnostics13040648,"Diagnostics (Basel, Switzerland)",2023,lung,LDCT,screening,other,both,3923.0,,LDCT,deep_learning,,0.897,0.836,0.828,none,,16,10,19,2,3,50,True,cat4_physical_exam_ai_model,RQ1_imaging_only
37248730,Benign-malignant classification of pulmonary nodules by low-dose spiral computerized tomography and clinical data with machine learning in opportunistic screening.,10.1002/cam4.5886,Cancer medicine,2023,other,LDCT,screening,other,both,135503.0,,LDCT|clinical_features,random_forest,,0.87,0.83,0.77,external_validation,,5,16,15,7,7,50,True,cat4_physical_exam_ai_model,RQ1_imaging+clinical
38752718,Leveraging Serial Low-Dose CT Scans in Radiomics-based Reinforcement Learning to Improve Early Diagnosis of Lung Cancer at Baseline Screening.,10.1148/ryct.230196,Radiology. Cardiothoracic imaging,2024,lung,LDCT,screening,retrospective_cohort,both,1951.0,,LDCT,other_ML,"lung ct screening reporting and data system (nri, 0",0.88,,,none,retrospective study,13,17,7,5,8,50,True,cat4_physical_exam_ai_model,RQ1_imaging_only
41775478,Performance validation of an artificial intelligence-assisted chest radiograph algorithm for incidental pulmonary nodule detection in Malaysian healthcare facilities: a multicentre cross-sectional study protocol.,10.1136/bmjopen-2025-103331,BMJ open,2026,lung,LDCT,screening,prospective_cohort,both,,,LDCT,other_ML,,,,,none,,13,10,12,10,4,49,False,cat4_physical_exam_ai_model,RQ1_imaging_only
39088983,Detecting pulmonary malignancy against benign nodules using noninvasive cell-free DNA fragmentomics assay.,10.1016/j.esmoop.2024.103595,ESMO open,2024,lung,LDCT,screening,other,screening,193.0,,LDCT|CT|cfDNA_fragmentomics,ensemble,,,,0.634,external_validation,,13,11,16,5,4,49,False,cat4_physical_exam_ai_model,RQ1_imaging+liquid
36909593,Early Detection of Lung Cancer in the NLST Dataset.,10.1101/2023.03.01.23286632,medRxiv : the preprint server for health sciences,2023,lung,LDCT,screening,other,both,1138.0,early,LDCT|CT|imaging,deep_learning,,,,,none,,13,11,4,5,15,48,False,cat4_physical_exam_ai_model,RQ1_imaging_only
34264825,Lung Nodule Malignancy Prediction in Sequential CT Scans: Summary of ISBI 2018 Challenge.,10.1109/TMI.2021.3097665,IEEE transactions on medical imaging,2021,lung,LDCT,screening,other,both,2018.0,,LDCT|imaging,deep_learning,,,,,none,,16,13,12,5,2,48,False,cat4_physical_exam_ai_model,RQ1_imaging_only
40847012,An intelligent diagnostic model for pulmonary nodules utilizing chest radiographic imagery and its application in community-based lung cancer screening.,10.1038/s41416-025-03147-6,British journal of cancer,2025,lung,LDCT,screening,other,both,24697.0,,LDCT,deep_learning,mainstream dl algorithms and traditional machine learning (m,0.933,,,none,,16,12,7,5,8,48,False,cat4_physical_exam_ai_model,RQ1_imaging_only
32864596,Prediction of lung cancer risk at follow-up screening with low-dose CT: a training and validation study of a deep learning method.,10.1016/S2589-7500(19)30159-1,The Lancet. Digital health,2019,lung,LDCT,screening,other,both,25097.0,,LDCT|CT,deep_learning,lung-rads and volume doubling time using time-dependent roc,,,,none,,16,13,4,5,10,48,False,cat4_physical_exam_ai_model,RQ1_imaging_only
38195644,Radiomics analysis to predict pulmonary nodule malignancy using machine learning approaches.,10.1136/thorax-2023-220226,Thorax,2024,lung,LDCT,screening,other,screening,6865.0,,LDCT,random_forest,,0.93,,,none,,13,14,9,2,8,46,False,cat4_physical_exam_ai_model,RQ1_imaging_only
39481281,Lung nodule classification using radiomics model trained on degraded SDCT images.,10.1016/j.cmpb.2024.108474,Computer methods and programs in biomedicine,2024,lung,LDCT,screening,other,screening,1010.0,,LDCT|CT,logistic_regression,,,,,none,,13,14,13,2,4,46,False,cat4_physical_exam_ai_model,RQ1_imaging_only
37969955,A novel multimodal prediction model based on DNA methylation biomarkers and low-dose computed tomography images for identifying early-stage lung cancer.,10.21147/j.issn.1000-9604.2023.05.08,Chinese journal of cancer research = Chung-kuo yen cheng yen chiu,2023,lung,LDCT,diagnosis,other,clinical_diagnosis,257.0,early,LDCT|CT,deep_learning,,0.894,,,external_validation,,13,12,7,6,7,45,False,cat4_physical_exam_ai_model,RQ1_imaging_only
33482120,Development and Cost Analysis of a Lung Nodule Management Strategy Combining Artificial Intelligence and Lung-RADS for Baseline Lung Cancer Screening.,10.1016/j.jacr.2020.11.014,Journal of the American College of Radiology : JACR,2021,lung,LDCT,screening,other,both,3197.0,,LDCT,other_ML,,,,0.91,none,,16,11,10,2,6,45,False,cat4_physical_exam_ai_model,RQ1_imaging_only
31037156,Non-invasive diagnosis of early-stage lung cancer using high-throughput targeted DNA methylation sequencing of circulating tumor DNA (ctDNA).,10.7150/thno.28119,Theranostics,2019,lung,LDCT,screening,other,both,118.0,early,LDCT|ctDNA,other_ML,,,0.927,0.928,external_validation,,13,10,14,5,2,44,False,cat2_single_modality_screening,RQ1_imaging+liquid
41308576,Potential for AI as first reader in lung cancer screening.,10.1016/j.ejrad.2025.112561,European journal of radiology,2026,lung,LDCT,screening,other,both,4104.0,,LDCT|CT|clinical_features,other_ML,,,,,none,,16,10,8,2,8,44,False,cat4_physical_exam_ai_model,RQ1_imaging+clinical
39818952,Toward a Computable Phenotype for Determining Eligibility of Lung Cancer Screening Using Electronic Health Records.,10.1200/CCI.24.00139,JCO clinical cancer informatics,2025,lung,LDCT,screening,other,both,5778.0,,LDCT|CT|clinical_features,,using structured data alone,,,,none,,16,13,6,5,4,44,False,cat4_physical_exam_ai_model,RQ1_imaging+clinical
39231830,Artificial intelligence assisted automatic screening of opportunistic osteoporosis in computed tomography images from different scanners.,10.1007/s00330-024-11046-2,European radiology,2025,lung,LDCT,screening,other,both,,,LDCT|CT,,"the qct results as the diagnostic standard, the bmd assessed",,,,external_validation,,16,8,7,5,8,44,False,cat4_physical_exam_ai_model,RQ1_imaging_only
40082126,Automated Fast Prediction of Bone Mineral Density From Low-dose Computed Tomography.,10.1016/j.acra.2025.02.041,Academic radiology,2025,lung,LDCT,screening,other,both,551.0,,LDCT|CT,deep_learning,,,0.964,,none,,16,10,8,2,8,44,False,cat4_physical_exam_ai_model,RQ1_imaging_only
29713615,Lung Nodule Detection via Deep Reinforcement Learning.,10.3389/fonc.2018.00108,Frontiers in oncology,2018,lung,LDCT,screening,other,screening,590.0,early,LDCT|CT,deep_learning,,,0.992,0.991,none,,16,10,14,2,2,44,False,cat4_physical_exam_ai_model,RQ1_imaging_only
37903855,Role of sex in lung cancer risk prediction based on single low-dose chest computed tomography.,10.1038/s41598-023-45671-6,Scientific reports,2023,lung,LDCT,screening,other,screening,10573.0,,LDCT|CT,,,,,,none,,16,13,7,5,3,44,False,cat4_physical_exam_ai_model,RQ1_imaging_only
35182291,AI-Driven Model for Automatic Emphysema Detection in Low-Dose Computed Tomography Using Disease-Specific Augmentation.,10.1007/s10278-022-00599-7,Journal of digital imaging,2022,lung,LDCT,screening,other,both,240.0,,LDCT|CT,deep_learning,,,,,none,,13,11,7,4,8,43,False,cat4_physical_exam_ai_model,RQ1_imaging_only
36719495,Automatic segmentation and radiomic texture analysis for osteoporosis screening using chest low-dose computed tomography.,10.1007/s00330-023-09421-6,European radiology,2023,lung,LDCT,screening,other,both,197.0,,LDCT|CT,other_ML,,,0.93,0.89,none,,13,6,17,0,7,43,False,cat4_physical_exam_ai_model,RQ1_imaging_only
36929398,Recalibration of a Deep Learning Model for Low-Dose Computed Tomographic Images to Inform Lung Cancer Screening Intervals.,10.1001/jamanetworkopen.2023.3273,JAMA network open,2023,lung,LDCT,screening,other,both,10.0,,LDCT|imaging,deep_learning,biennial screening based on the recalibrated lcp-cnn model,,,,none,,16,5,4,3,15,43,False,cat4_physical_exam_ai_model,RQ1_imaging_only
40380218,A plasma 9-microRNA signature for lung cancer early detection: a multicenter analysis.,10.1186/s40364-025-00787-x,Biomarker research,2025,lung,LDCT,screening,other,both,276.0,early,LDCT|CT|clinical_features|miRNA,other_ML,,0.78,,,none,,13,8,9,8,4,42,False,cat2_single_modality_screening,RQ1_imaging+clinical
31732678,Pretreatment 18F-FDG PET/CT Radiomics Predict Local Recurrence in Patients Treated with Stereotactic Body Radiotherapy for Early-Stage Non-Small Cell Lung Cancer: A Multicentric Study.,10.2967/jnumed.119.228106,"Journal of nuclear medicine : official publication, Society of Nuclear Medicine",2020,lung,LDCT,diagnosis,retrospective_cohort,clinical_diagnosis,27.0,early,LDCT|imaging,,,,1.0,0.96,none,,10,8,15,7,2,42,False,cat2_single_modality_screening,RQ1_imaging_only
40237429,Artificial Intelligence for Low-Dose CT Lung Cancer Screening: Comparison of Utilization Scenarios.,10.2214/AJR.25.32829,AJR. American journal of roentgenology,2025,lung,LDCT,screening,prospective_cohort,both,366.0,,LDCT,,"interpretation without ai (recall rate, 22",,,,none,retrospective study,16,12,6,4,4,42,False,cat4_physical_exam_ai_model,RQ1_imaging_only
35131147,Development of Deep Learning-based Automatic Scan Range Setting Model for Lung Cancer Screening Low-dose CT Imaging.,10.1016/j.acra.2021.12.001,Academic radiology,2022,lung,LDCT,screening,retrospective_cohort,screening,1984.0,,LDCT|CT|imaging,deep_learning,,,,,none,retrospective study,16,17,0,2,7,42,False,cat4_physical_exam_ai_model,RQ1_imaging_only
33658025,Automated detection of lung nodules and coronary artery calcium using artificial intelligence on low-dose CT scans for lung cancer screening: accuracy and prognostic value.,10.1186/s12916-021-01928-3,BMC medicine,2021,lung,LDCT,screening,retrospective_cohort,both,904.0,,LDCT|CT|imaging,deep_learning,,,,0.708,none,,16,11,11,2,2,42,False,cat4_physical_exam_ai_model,RQ1_imaging_only
41430273,Dynamic screening initiation using 16 plasma protein biomarkers with polygenic risk and PLCOm2012: a precision prevention framework for lung cancer.,10.1186/s12967-025-07468-1,Journal of translational medicine,2025,lung,LDCT,screening,prospective_cohort,both,,,LDCT|CT|blood_protein|clinical_features|proteomics,,,,,,none,,16,8,3,10,4,41,False,cat3_physical_exam_traditional_model,RQ1_imaging+liquid
34870218,Deep Learning for Lung Cancer Detection on Screening CT Scans: Results of a Large-Scale Public Competition and an Observer Study with 11 Radiologists.,10.1148/ryai.2021210027,Radiology. Artificial intelligence,2021,lung,LDCT,screening,retrospective_cohort,both,100.0,,LDCT|imaging,deep_learning,an observer study of 11 radiologists that assessed the same,,,,none,retrospective study,16,7,7,5,6,41,False,cat4_physical_exam_ai_model,RQ1_imaging_only
36194194,Early stage NSCLS patients' prognostic prediction with multi-information using transformer and graph neural network model.,10.7554/eLife.80547,eLife,2022,lung,multimodal,diagnosis,other,clinical_diagnosis,1705.0,early,clinical_features|imaging,deep_learning,a tnm model and a resnet-graph model,,,,external_validation,,5,16,7,10,3,41,False,cat2_single_modality_screening,RQ1_imaging+clinical
41716936,Evaluation of an Artificial Intelligence Defined Lung Nodule Malignancy Score in Incidental Pulmonary Nodules: The CREATE Study.,10.1016/j.mcpdig.2026.100335,Mayo Clinic proceedings. Digital health,2026,lung,LDCT,screening,prospective_cohort,screening,712.0,,LDCT|CT,,and npvs by clinicodemographic characteristics with 95% cis,,,,none,,13,16,2,5,4,40,False,cat4_physical_exam_ai_model,RQ1_imaging_only
41429086,Neighborhood matters: Predicting lung cancer screening adherence with explainable AI.,10.1016/j.lungcan.2025.108882,"Lung cancer (Amsterdam, Netherlands)",2026,lung,LDCT,screening,other,both,188.0,,LDCT|CT,random_forest,,0.81,,0.81,none,,13,5,14,0,8,40,False,cat4_physical_exam_ai_model,RQ1_imaging_only
41319254,Identification of PIWI-interacting RNAs based models for lung adenocarcinoma early detection: a multicenter cohort study.,10.1186/s43556-025-00368-2,Molecular biomedicine,2025,lung,LDCT,screening,other,both,399.0,early,LDCT|CT,other_ML,,0.918,,,none,,13,9,6,8,4,40,False,cat4_physical_exam_ai_model,RQ1_imaging_only
39437009,Significance of Image Reconstruction Parameters for Future Lung Cancer Risk Prediction Using Low-Dose Chest Computed Tomography and the Open-Access Sybil Algorithm.,10.1097/RLI.0000000000001131,Investigative radiology,2025,lung,LDCT,screening,other,screening,,,LDCT|CT|imaging,deep_learning,the worst-case scenario combining a bone reconstruction filt,,,,none,,16,6,7,3,8,40,False,cat4_physical_exam_ai_model,RQ1_imaging_only
41734977,Longitudinal multisource clinical model for early lung cancer risk stratification and screening.,10.1136/bmjhci-2025-101989,BMJ health & care informatics,2026,lung,LDCT,screening,retrospective_cohort,both,615.0,late,LDCT|clinical_features,deep_learning,,,,,none,,16,11,4,5,4,40,False,cat4_physical_exam_ai_model,RQ1_imaging+clinical
40141842,New Perspectives on Lung Cancer Screening and Artificial Intelligence.,10.3390/life15030498,"Life (Basel, Switzerland)",2025,lung,LDCT,screening,RCT,both,,mixed,LDCT|imaging,other_ML,"70-80% with traditional methods, and can reduce false positi",,,,none,,16,10,6,3,4,39,False,cat4_physical_exam_ai_model,RQ1_imaging_only
37019699,A Novel Artificial Intelligence Based Denoising Method for Ultra-Low Dose CT Used for Lung Cancer Screening.,10.1016/j.acra.2023.02.019,Academic radiology,2023,lung,LDCT,screening,prospective_cohort,screening,123.0,,LDCT|CT,deep_learning,,,,,none,,16,10,3,3,7,39,False,cat4_physical_exam_ai_model,RQ1_imaging_only
38658287,Demographics and socioeconomic determinants of health predict continued participation in a CT lung cancer screening program.,10.1067/j.cpradiol.2024.04.004,Current problems in diagnostic radiology,2024,lung,LDCT,screening,other,both,260.0,,LDCT,deep_learning,multiple follow-ups (220 and 260 subjects respectively) and,0.732,,,none,,13,8,9,1,8,39,False,cat4_physical_exam_ai_model,RQ1_imaging_only
38159298,Pulmonary circulatory system characteristics are associated with future lung cancer risk.,10.1002/mp.16930,Medical physics,2024,lung,LDCT,screening,other,both,3635.0,,LDCT|CT|clinical_features,,,0.74,,,none,,13,13,7,2,4,39,False,cat2_single_modality_screening,RQ1_imaging+clinical
35530343,Development of Diagnosis Model for Early Lung Nodules Based on a Seven Autoantibodies Panel and Imaging Features.,10.3389/fonc.2022.883543,Frontiers in oncology,2022,lung,LDCT,screening,other,both,933.0,,LDCT|CT|imaging,deep_learning,"the 7-aabs panel test alone, the neural network model improv",,,,none,,13,8,12,2,3,38,False,cat4_physical_exam_ai_model,RQ1_imaging_only
38988991,Pulmonary nodule detection in low dose computed tomography using a medical-to-medical transfer learning approach.,10.1117/1.JMI.11.4.044502,"Journal of medical imaging (Bellingham, Wash.)",2024,lung,LDCT,screening,other,both,60.0,,LDCT|CT|imaging,,the latter approach obtained a precision of 0,,0.93,0.923,none,,13,6,15,0,4,38,False,cat2_single_modality_screening,RQ1_imaging_only
40943394,The Impact of Artificial Intelligence on Lung Cancer Diagnosis and Personalized Treatment.,10.3390/ijms26178472,International journal of molecular sciences,2025,lung,multimodal,screening,other,both,,late,imaging,other_ML,,,,,external_validation,,11,8,0,7,12,38,False,cat2_single_modality_screening,RQ1_imaging_only
40841456,Liquid biopsy diagnostics for non-small cell lung cancer via elucidation of tRNA signatures.,10.1038/s43856-025-01068-2,Communications medicine,2025,lung,LDCT,early_detection,other,both,,early,LDCT,,,0.85,,,external_validation,,13,8,7,5,4,37,False,cat2_single_modality_screening,RQ1_imaging_only
33502624,Wavelet decomposition facilitates training on small datasets for medical image classification by deep learning.,10.1007/s00418-020-01961-y,Histochemistry and cell biology,2021,lung,LDCT,screening,other,screening,,,LDCT|CT,deep_learning,a cnn and had a substantially faster convergence rate,,,,none,,13,2,4,3,15,37,False,cat4_physical_exam_ai_model,RQ1_imaging_only
36681813,Detection of early-stage lung cancer in sputum using automated flow cytometry and machine learning.,10.1186/s12931-023-02327-3,Respiratory research,2023,lung,LDCT,screening,other,both,150.0,early,LDCT|CT,other_ML,,0.94,,,none,,13,4,17,0,3,37,False,cat4_physical_exam_ai_model,RQ1_imaging_only
34969636,Deep learning model to quantify left atrium volume on routine non-contrast chest CT and predict adverse outcomes.,10.1016/j.jcct.2021.12.005,Journal of cardiovascular computed tomography,2022,lung,LDCT,screening,other,screening,273.0,,LDCT|CT,deep_learning,,0.86,,,none,,16,8,9,1,3,37,False,cat4_physical_exam_ai_model,RQ1_imaging_only
40121609,Construction and validation of a risk stratification model based on Lung-RADS® v2022 and CT features for predicting the invasive pure ground-glass pulmonary nodules in China.,10.1186/s13244-025-01937-3,Insights into imaging,2025,lung,LDCT,screening,other,both,403.0,,LDCT,deep_learning,the lung-rads 1,,,,none,,16,8,5,4,4,37,False,cat4_physical_exam_ai_model,RQ1_imaging_only
34871936,Performance of a deep learning-based lung nodule detection system as an alternative reader in a Chinese lung cancer screening program.,10.1016/j.ejrad.2021.110068,European journal of radiology,2022,lung,LDCT,screening,other,screening,360.0,,LDCT,deep_learning,double reading in lung-rads 3 (94,,0.901,,none,,16,6,7,1,7,37,False,cat4_physical_exam_ai_model,RQ1_imaging_only
32185618,Next-Generation Radiogenomics Sequencing for Prediction of EGFR and KRAS Mutation Status in NSCLC Patients Using Multimodal Imaging and Machine Learning Algorithms.,10.1007/s11307-020-01487-8,Molecular imaging and biology,2020,lung,LDCT,diagnosis,other,clinical_diagnosis,68.0,,LDCT|CT|imaging,other_ML,,0.69,,,external_validation,,13,10,7,5,2,37,False,cat4_physical_exam_ai_model,RQ1_imaging_only
36656144,"Automated Coronary Artery Calcium and Quantitative Emphysema in Lung Cancer Screening: Association With Mortality, Lung Cancer Incidence, and Airflow Obstruction.",10.1097/RTI.0000000000000698,Journal of thoracic imaging,2023,lung,LDCT,screening,other,screening,4098.0,,LDCT|CT,,model survey ( p <0,,,,none,,16,10,6,2,3,37,False,cat4_physical_exam_ai_model,RQ1_imaging_only
35813317,The feasibility of granzyme B levels using an amperometric immunosensor for lung cancer detection.,10.21037/atm-22-470,Annals of translational medicine,2022,lung,LDCT,diagnosis,other,clinical_diagnosis,44.0,,LDCT|CT|clinical_features,random_forest,,0.938,,,none,,10,5,15,3,3,36,False,cat4_physical_exam_ai_model,RQ1_imaging+clinical
39705824,A combined model of circulating tumor DNA methylated SHOX2/SCT/HOXA7 and clinical features facilitates the discrimination of malignant from benign pulmonary nodules.,10.1016/j.lungcan.2024.108064,"Lung cancer (Amsterdam, Netherlands)",2025,lung,LDCT,diagnosis,other,clinical_diagnosis,210.0,,LDCT|CT|ctDNA,logistic_regression,,0.87,,,none,,10,9,7,1,8,35,False,cat3_physical_exam_traditional_model,RQ1_imaging+liquid
41975727,Identifying a Critical Blind Spot: How Commercial AI (CAD) Systems Fail to Detect Faint Ground-Glass Opacities at -730 HU on Low-Dose CT.,10.3390/diagnostics16071014,"Diagnostics (Basel, Switzerland)",2026,lung,LDCT,screening,retrospective_cohort,both,100.0,,LDCT,,,,,,external_validation,,13,13,0,5,4,35,False,cat4_physical_exam_ai_model,RQ1_imaging_only
40644803,Machine Learning-Assisted Multimodal Early Screening of Lung Cancer Based on a Multiplexed Laser-Induced Graphene Immunosensor.,10.1021/acsnano.5c02822,ACS nano,2025,lung,LDCT,screening,other,both,,mixed,LDCT|CT|blood_protein|clinical_features|imaging,deep_learning,,,,,none,,16,2,13,0,4,35,False,cat4_physical_exam_ai_model,RQ1_imaging+liquid
41928658,MRI for Lung Cancer Management: Any Closer to Clinical Application?,10.1002/jmri.70308,Journal of magnetic resonance imaging : JMRI,2026,lung,LDCT,screening,RCT,both,,,LDCT|CT|imaging,,,,,,none,,10,12,3,6,4,35,False,cat2_single_modality_screening,RQ1_imaging_only
40640822,Non-invasive identification of TKI-resistant NSCLC: a multi-model AI approach for predicting EGFR/TP53 co-mutations.,10.1186/s12890-025-03805-8,BMC pulmonary medicine,2025,lung,LDCT,diagnosis,other,clinical_diagnosis,2171.0,,LDCT|CT,random_forest,,0.843,,,none,,10,13,6,2,4,35,False,cat2_single_modality_screening,RQ1_imaging_only
37642722,Combining radiomics and deep learning features of intra-tumoral and peri-tumoral regions for the classification of breast cancer lung metastasis and primary lung cancer with low-dose CT.,10.1007/s00432-023-05329-2,Journal of cancer research and clinical oncology,2023,lung,LDCT,multimodal_fusion,other,clinical_diagnosis,60.0,,LDCT,deep_learning,,0.913,,,none,,13,6,9,0,7,35,False,cat4_physical_exam_ai_model,RQ1_imaging_only
41315843,Cost-effectiveness of chest radiography using artificial intelligence for lung cancer screening in South Korea.,10.1038/s41598-025-29600-3,Scientific reports,2025,lung,LDCT,screening,other,screening,10000.0,,LDCT|CT|clinical_features|imaging,random_forest,,,,,none,,16,10,0,5,4,35,False,cat4_physical_exam_ai_model,RQ1_imaging+clinical
41225387,The clinical value of predicting lymphovascular invasion in patients with invasive lung adenocarcinoma based on the intratumoral and peritumoral CT radiomics models.,10.1186/s12885-025-15128-2,BMC cancer,2025,lung,multimodal,multimodal_fusion,other,clinical_diagnosis,384.0,,CT|blood_protein|imaging,logistic_regression,,,,,external_validation,,8,12,5,6,4,35,False,cat2_single_modality_screening,RQ1_imaging+liquid
32238573,Urinary detection of lung cancer in mice via noninvasive pulmonary protease profiling.,10.1126/scitranslmed.aaw0262,Science translational medicine,2020,lung,LDCT,screening,other,both,,late,LDCT|CT,other_ML,,,,,none,,13,2,6,3,10,34,False,cat4_physical_exam_ai_model,RQ1_imaging_only
39053365,Machine learning computational model to predict lung cancer using electronic medical records.,10.1016/j.canep.2024.102631,Cancer epidemiology,2024,lung,LDCT,screening,other,screening,4076.0,,LDCT|CT|clinical_features,random_forest,controls (1:2) of patients aged ≥ 35 years,,0.69,,none,,10,11,7,2,4,34,False,cat4_physical_exam_ai_model,RQ1_imaging+clinical
39300939,Advances in early detection of non-small cell lung cancer: A comprehensive review.,10.1002/cam4.70156,Cancer medicine,2024,lung,LDCT,screening,other,both,,,LDCT|CT,,"other radiological screening methods, endobronchial optical",,0.914,,none,,13,2,10,0,8,33,False,cat2_single_modality_screening,RQ1_imaging_only
29594181,Predicting malignant nodules by fusing deep features with classical radiomics features.,10.1117/1.JMI.5.1.011021,"Journal of medical imaging (Bellingham, Wash.)",2018,lung,LDCT,screening,other,both,,,LDCT|CT,deep_learning,positive controls,,,,none,,16,3,4,3,7,33,False,cat4_physical_exam_ai_model,RQ1_imaging_only
38254644,Combining Low-Dose Computer-Tomography-Based Radiomics and Serum Metabolomics for Diagnosis of Malignant Nodules in Participants of Lung Cancer Screening Studies.,10.3390/biom14010044,Biomolecules,2023,lung,LDCT,screening,other,both,1086.0,,LDCT|CT,random_forest,,,,,none,,13,11,4,2,3,33,False,cat4_physical_exam_ai_model,RQ1_imaging_only
33240975,DeepLN: an artificial intelligence-based automated system for lung cancer screening.,10.21037/atm-20-4461,Annals of translational medicine,2020,lung,LDCT,screening,retrospective_cohort,both,,early,LDCT|CT,deep_learning,,,,0.9593,none,,16,5,10,0,2,33,False,cat4_physical_exam_ai_model,RQ1_imaging_only
34502160,Machine Learning-Based Radiomics Signatures for EGFR and KRAS Mutations Prediction in Non-Small-Cell Lung Cancer.,10.3390/ijms22179254,International journal of molecular sciences,2021,lung,LDCT,diagnosis,other,clinical_diagnosis,851.0,,LDCT|CT|imaging,random_forest,,,,,none,,10,11,0,2,10,33,False,cat4_physical_exam_ai_model,RQ1_imaging_only
32072260,Automatic opportunistic osteoporosis screening using low-dose chest computed tomography scans obtained for lung cancer screening.,10.1007/s00330-020-06679-y,European radiology,2020,lung,LDCT,screening,other,both,,,LDCT|CT,deep_learning,,,,,none,,16,2,4,5,6,33,False,cat4_physical_exam_ai_model,RQ1_imaging_only
38927934,Enhancing Early Lung Cancer Diagnosis: Predicting Lung Nodule Progression in Follow-Up Low-Dose CT Scan with Deep Generative Model.,10.3390/cancers16122229,Cancers,2024,lung,LDCT,screening,other,both,776.0,,LDCT|CT,other_ML,the auc of 0,0.827,,,none,,10,10,7,2,4,33,False,cat2_single_modality_screening,RQ1_imaging_only
32504345,Automated lung cancer diagnosis using three-dimensional convolutional neural networks.,10.1007/s11517-020-02197-7,Medical & biological engineering & computing,2020,lung,LDCT,diagnosis,other,clinical_diagnosis,2018.0,,LDCT|imaging,deep_learning,,0.913,,,none,,10,12,6,2,2,32,False,cat2_single_modality_screening,RQ1_imaging_only
40883523,Artificial intelligence as an independent reader of risk-dominant lung nodules: influence of CT reconstruction parameters.,10.1007/s00330-025-11949-8,European radiology,2026,lung,LDCT,screening,other,both,,,LDCT,other_ML,ai-b80f/1 mm) did not significantly affect ai's nodule detec,,,,none,,16,2,6,0,8,32,False,cat4_physical_exam_ai_model,RQ1_imaging_only
35044988,Predictors of underutilization of lung cancer screening: a machine learning approach.,10.1097/CEJ.0000000000000742,European journal of cancer prevention : the official journal of the European Cancer Prevention Organisation (ECP),2022,lung,LDCT,screening,other,both,710.0,,LDCT|CT|clinical_features,random_forest,,,,,none,,13,8,6,2,3,32,False,cat4_physical_exam_ai_model,RQ1_imaging+clinical
28932985,Lung cancer screening with MRI: results of the first screening round.,10.1007/s00432-017-2521-4,Journal of cancer research and clinical oncology,2018,lung,LDCT,screening,other,screening,224.0,,LDCT,,,,,,none,,13,6,6,1,6,32,False,cat2_single_modality_screening,RQ1_imaging_only
38589197,Multimodal modeling with low-dose CT and clinical information for diagnostic artificial intelligence on mediastinal tumors: a preliminary study.,10.1136/bmjresp-2023-002249,BMJ open respiratory research,2024,lung,LDCT,screening,retrospective_cohort,both,32.0,,LDCT|clinical_features|imaging,deep_learning,conventional radiomics models and models excluding clinical,0.86,,,none,retrospective study,13,8,7,0,4,32,False,cat4_physical_exam_ai_model,RQ1_imaging+clinical
39263016,Assessing the transportability of radiomic models for lung cancer diagnosis: commercial vs. open-source feature extractors.,10.21037/tlcr-24-281,Translational lung cancer research,2024,lung,multimodal,diagnosis,other,clinical_diagnosis,278.0,,CT|imaging,,"mayo alone, with commercial clinrad achieving cnri of 0",0.8,,,none,,5,9,9,1,8,32,False,cat2_single_modality_screening,RQ1_imaging_only
38848168,LDCT image biomarkers that matter most for the deep learning classification of indeterminate pulmonary nodules.,10.3233/CBM-230444,Cancer biomarkers : section A of Disease markers,2025,lung,LDCT,screening,other,both,,,LDCT|CT,deep_learning,,,,,none,,13,2,4,3,9,31,False,cat4_physical_exam_ai_model,RQ1_imaging_only
41594162,Voxel Normalization in LDCT Imaging: Its Significance in Texture Feature Selection for Pulmonary Nodule Malignancy Classification: Insights from Two Centers.,10.3390/diagnostics16020186,"Diagnostics (Basel, Switzerland)",2026,lung,LDCT,diagnosis,other,clinical_diagnosis,415.0,,LDCT|CT|imaging,deep_learning,,,,,none,,13,6,0,8,4,31,False,cat4_physical_exam_ai_model,RQ1_imaging_only
34461501,A survey of computer-aided diagnosis of lung nodules from CT scans using deep learning.,10.1016/j.compbiomed.2021.104806,Computers in biology and medicine,2021,lung,LDCT,screening,other,both,,,LDCT|CT,deep_learning,,,,,none,,16,2,3,3,7,31,False,cat4_physical_exam_ai_model,RQ1_imaging_only
38132274,Impact of Voxel Normalization on a Machine Learning-Based Method: A Study on Pulmonary Nodule Malignancy Diagnosis Using Low-Dose Computed Tomography (LDCT).,10.3390/diagnostics13243690,"Diagnostics (Basel, Switzerland)",2023,lung,LDCT,screening,other,both,225.0,,LDCT|CT,SVM,,,,,none,,10,6,4,8,3,31,False,cat4_physical_exam_ai_model,RQ1_imaging_only
34573951,A Low-Dose CT-Based Radiomic Model to Improve Characterization and Screening Recall Intervals of Indeterminate Prevalent Pulmonary Nodules.,10.3390/diagnostics11091610,"Diagnostics (Basel, Switzerland)",2021,lung,LDCT,screening,other,both,4119.0,,LDCT|CT,other_ML,part-solid (second-level classification),0.89,,,none,,13,2,14,0,2,31,False,cat4_physical_exam_ai_model,RQ1_imaging_only
33718054,Molecular biomarkers in early stage lung cancer.,10.21037/tlcr-20-750,Translational lung cancer research,2021,lung,LDCT,screening,other,both,,early,LDCT|CT|clinical_features,,,,,,none,,16,2,6,0,6,30,False,cat4_physical_exam_ai_model,RQ1_imaging+clinical
41778236,Genetically Optimized Modular Neural Networks for Precision Lung Cancer Diagnosis: Exploratory Study of Novel Approach.,10.21873/cdp.10519,Cancer diagnosis & prognosis,2026,lung,LDCT,screening,other,both,156.0,,LDCT|CT,deep_learning,,,,,none,,16,6,4,0,4,30,False,cat4_physical_exam_ai_model,RQ1_imaging_only
39409894,Vascular Biomarkers for Pulmonary Nodule Malignancy: Arteries vs. Veins.,10.3390/cancers16193274,Cancers,2024,lung,LDCT,screening,other,screening,146.0,,LDCT,logistic_regression,veins,0.78,,,internal_CV,,10,7,9,0,4,30,False,cat4_physical_exam_ai_model,RQ1_imaging_only
38509635,Development of a modified 3D region proposal network for lung nodule detection in computed tomography scans: a secondary analysis of lung nodule datasets.,10.1186/s40644-024-00683-x,Cancer imaging : the official publication of the International Cancer Imaging Society,2024,lung,LDCT,diagnosis,other,clinical_diagnosis,,,LDCT|CT,deep_learning,,,0.857,,none,,13,6,7,0,4,30,False,cat4_physical_exam_ai_model,RQ1_imaging_only
34289983,Contemporary issues in the implementation of lung cancer screening.,10.1183/16000617.0288-2020,European respiratory review : an official journal of the European Respiratory Society,2021,lung,LDCT,screening,other,both,,,LDCT|CT|clinical_features|imaging,deep_learning,,,,,none,,16,2,6,3,2,29,False,cat4_physical_exam_ai_model,RQ1_imaging+clinical
32754420,Using Sequential Decision Making to Improve Lung Cancer Screening Performance.,10.1109/ACCESS.2019.2935763,"IEEE access : practical innovations, open solutions",2019,lung,LDCT,screening,other,screening,,early,LDCT|CT|imaging,other_ML,human experts,,,,none,,13,2,3,3,7,28,False,cat4_physical_exam_ai_model,RQ1_imaging_only
36672655,Artificial Intelligence Assisted Computational Tomographic Detection of Lung Nodules for Prognostic Cancer Examination: A Large-Scale Clinical Trial.,10.3390/biomedicines11010147,Biomedicines,2023,lung,LDCT,screening,other,both,,early,LDCT|CT,,,,,,none,,13,5,7,0,3,28,False,cat4_physical_exam_ai_model,RQ1_imaging_only
36438275,Investigation of small lung lesion detection for lung cancer screening in low dose FDG PET imaging by deep neural networks.,10.3389/fpubh.2022.1047714,Frontiers in public health,2022,lung,LDCT,screening,other,both,,,LDCT|imaging,deep_learning,,,,,none,,16,4,5,0,3,28,False,cat4_physical_exam_ai_model,RQ1_imaging_only
30443438,Predicting Nodule Malignancy using a CNN Ensemble Approach.,10.1109/IJCNN.2018.8489345,Proceedings of ... International Joint Conference on Neural Networks. International Joint Conference on Neural Networks,2018,lung,LDCT,screening,other,both,261.0,,LDCT|CT,deep_learning,,0.96,,,none,,13,4,6,3,2,28,False,cat4_physical_exam_ai_model,RQ1_imaging_only
31307017,Predicting lung nodule malignancies by combining deep convolutional neural network and handcrafted features.,10.1088/1361-6560/ab326a,Physics in medicine and biology,2019,lung,LDCT,screening,other,both,,,LDCT,deep_learning,,,,,none,,10,3,12,0,2,27,False,cat4_physical_exam_ai_model,RQ1_imaging_only
34164287,Lung cancer screening: who pays? Who receives? The European perspectives.,10.21037/tlcr-20-677,Translational lung cancer research,2021,lung,LDCT,screening,other,screening,,,LDCT|CT|imaging,,,,,,none,,16,2,3,0,6,27,False,cat4_physical_exam_ai_model,RQ1_imaging_only
36077686,Lung Cancer Recurrence Risk Prediction through Integrated Deep Learning Evaluation.,10.3390/cancers14174150,Cancers,2022,lung,LDCT,screening,other,screening,,early,LDCT|CT,deep_learning,the auc = 0,0.561,,,none,,13,2,6,3,3,27,False,cat4_physical_exam_ai_model,RQ1_imaging_only
35406501,Cost-Effectiveness of Artificial Intelligence Support in Computed Tomography-Based Lung Cancer Screening.,10.3390/cancers14071729,Cancers,2022,lung,LDCT,screening,retrospective_cohort,both,,,LDCT|CT,other_ML,"ct only, showing lower costs and higher effectiveness",,,,none,retrospective study,16,5,3,0,3,27,False,cat4_physical_exam_ai_model,RQ1_imaging_only
36434060,Lung_PAYNet: a pyramidal attention based deep learning network for lung nodule segmentation.,10.1038/s41598-022-24900-4,Scientific reports,2022,lung,LDCT,early_detection,other,clinical_diagnosis,,,LDCT|CT,deep_learning,"the existing unet architecture, and the proposed methodology",,0.9257,,none,,13,4,7,0,3,27,False,cat4_physical_exam_ai_model,RQ1_imaging_only
31185463,Deep learning-enabled accurate normalization of reconstruction kernel effects on emphysema quantification in low-dose CT.,10.1088/1361-6560/ab28a1,Physics in medicine and biology,2019,lung,LDCT,screening,other,screening,,,LDCT,deep_learning,,,,,none,,16,2,4,3,2,27,False,cat4_physical_exam_ai_model,RQ1_imaging_only
33137463,Contribution of a Blood-Based Protein Biomarker Panel to the Classification of Indeterminate Pulmonary Nodules.,10.1016/j.jtho.2020.09.024,Journal of thoracic oncology : official publication of the International Association for the Study of Lung Cancer,2021,lung,blood_protein,risk_assessment,case_control,clinical_diagnosis,,,blood_protein|imaging,other_ML,"a smoking-based lung cancer risk model, can provide discrimi",,,,none,,5,6,6,0,10,27,False,cat2_single_modality_screening,RQ1_imaging+liquid
37804011,Clinical Study of Artificial Intelligence in Imaging Diagnosis of False Positive Lesions of Pulmonary Nodules.,10.29271/jcpsp.2023.10.1087,Journal of the College of Physicians and Surgeons--Pakistan : JCPSP,2023,lung,LDCT,diagnosis,other,clinical_diagnosis,58.0,,LDCT|imaging,,,,,,none,,13,5,5,0,3,26,False,cat4_physical_exam_ai_model,RQ1_imaging_only
38569236,Robust deep learning from incomplete annotation for accurate lung nodule detection.,10.1016/j.compbiomed.2024.108361,Computers in biology and medicine,2024,lung,LDCT,diagnosis,other,clinical_diagnosis,,,LDCT|CT,deep_learning,,,0.574,,none,,13,2,7,0,4,26,False,cat4_physical_exam_ai_model,RQ1_imaging_only
33691657,A prediction model based on DNA methylation biomarkers and radiological characteristics for identifying malignant from benign pulmonary nodules.,10.1186/s12885-021-08002-4,BMC cancer,2021,lung,LDCT,diagnosis,other,clinical_diagnosis,110.0,,LDCT|CT,random_forest,the methylation biomarkers and the mayo clinic model using t,,,,none,,10,7,7,0,2,26,False,cat3_physical_exam_traditional_model,RQ1_imaging_only
33816155,Artificial intelligence-based vessel suppression for detection of sub-solid nodules in lung cancer screening computed tomography.,10.21037/qims-20-630,Quantitative imaging in medicine and surgery,2021,lung,LDCT,screening,other,screening,123.0,,LDCT|CT,other_ML,"the sor, accuracy (auc) for detection of psn on the ai-vs im",0.8,,,none,,16,2,6,0,2,26,False,cat4_physical_exam_ai_model,RQ1_imaging_only
29454784,Coronary Artery Calcium Scores and Atherosclerotic Cardiovascular Disease Risk Stratification in Smokers.,10.1016/j.jcmg.2017.12.017,JACC. Cardiovascular imaging,2019,lung,LDCT,screening,other,screening,,,LDCT|CT|clinical_features,Cox,lcse smokers (0,,,,none,,13,3,7,0,2,25,False,cat3_physical_exam_traditional_model,RQ1_imaging+clinical
35176595,Pulmonary nodules detection assistant platform: An effective computer aided system for early pulmonary nodules detection in physical examination.,10.1016/j.cmpb.2022.106680,Computer methods and programs in biomedicine,2022,lung,LDCT,diagnosis,other,clinical_diagnosis,1000.0,,LDCT|clinical_features,deep_learning,the experienced physicians,,,,none,,10,10,0,2,3,25,False,cat4_physical_exam_ai_model,RQ1_imaging+clinical
32670710,The Future of Concurrent Automated Coronary Artery Calcium Scoring on Screening Low-Dose Computed Tomography.,10.7759/cureus.8574,Cureus,2020,lung,LDCT,screening,other,both,,,LDCT|CT|imaging,deep_learning,,,,,none,,16,4,3,0,2,25,False,cat4_physical_exam_ai_model,RQ1_imaging_only
36681685,Evaluation of emphysema on thoracic low-dose CTs through attention-based multiple instance deep learning.,10.1038/s41598-023-27549-9,Scientific reports,2023,lung,LDCT,screening,other,both,865.0,,LDCT|CT,deep_learning,other methods evaluated in our study following the delong te,0.94,,,none,,13,2,7,0,3,25,False,cat4_physical_exam_ai_model,RQ1_imaging_only
37458983,Development of lung cancer risk prediction models based on F-18 FDG PET images.,10.1007/s12149-023-01858-5,Annals of nuclear medicine,2023,lung,imaging,diagnosis,other,clinical_diagnosis,795.0,,CT|clinical_features|imaging,logistic_regression,,,,,none,,5,10,5,2,3,25,False,cat3_physical_exam_traditional_model,RQ1_imaging+clinical
34164281,Screen-detected solid nodules: from detection of nodule to structured reporting.,10.21037/tlcr-20-296,Translational lung cancer research,2021,lung,LDCT,screening,other,both,,,LDCT|CT,deep_learning,,,,,none,,16,2,0,0,6,24,False,cat4_physical_exam_ai_model,RQ1_imaging_only
32917666,Radiomics Improves Cancer Screening and Early Detection.,10.1158/1055-9965.EPI-20-0075,"Cancer epidemiology, biomarkers & prevention : a publication of the American Association for Cancer Research, cosponsored by the American Society of Preventive Oncology",2020,lung,LDCT,screening,other,both,,,LDCT|imaging,other_ML,,,,,none,,16,2,0,0,6,24,False,cat4_physical_exam_ai_model,RQ1_imaging_only
37958411,Artificial Intelligence and Lung Cancer: Impact on Improving Patient Outcomes.,10.3390/cancers15215236,Cancers,2023,lung,LDCT,screening,other,both,,,LDCT|clinical_features|imaging,deep_learning,,,,,none,,16,2,3,0,3,24,False,cat4_physical_exam_ai_model,RQ1_imaging+clinical
41830914,Integrative approaches in lung cancer diagnosis: bridging molecular biomarkers and AI driven imaging.,10.1080/1354750X.2026.2644329,"Biomarkers : biochemical indicators of exposure, response, and susceptibility to chemicals",2026,lung,LDCT,diagnosis,other,clinical_diagnosis,,,LDCT|imaging|ctDNA,deep_learning,,,,,none,,13,4,3,0,4,24,False,cat4_physical_exam_ai_model,RQ1_imaging+liquid
41097693,Artificial Intelligence-Enhanced Liquid Biopsy and Radiomics in Early-Stage Lung Cancer Detection: A Precision Oncology Paradigm.,10.3390/cancers17193165,Cancers,2025,lung,LDCT,diagnosis,other,clinical_diagnosis,,early,LDCT|imaging|ctDNA,deep_learning,,,,,none,,13,4,3,0,4,24,False,cat4_physical_exam_ai_model,RQ1_imaging+liquid
41227214,Early Detection of Lung Cancer: A Review of Innovative Milestones and Techniques.,10.3390/jcm14217812,Journal of clinical medicine,2025,lung,LDCT,screening,other,both,,,LDCT|CT|clinical_features|imaging|miRNA,,,,,,none,,16,4,0,0,4,24,False,cat4_physical_exam_ai_model,RQ1_imaging+clinical
32788705,Development and clinical application of deep learning model for lung nodules screening on CT images.,10.1038/s41598-020-70629-3,Scientific reports,2020,lung,LDCT,screening,other,both,,,LDCT,deep_learning,,,,,none,,16,2,4,0,2,24,False,cat4_physical_exam_ai_model,RQ1_imaging_only
30607311,Delta Radiomics Improves Pulmonary Nodule Malignancy Prediction in Lung Cancer Screening.,10.1109/ACCESS.2018.2884126,"IEEE access : practical innovations, open solutions",2018,lung,LDCT,screening,other,screening,300.0,,LDCT|CT|imaging,other_ML,an auc 0,0.773,,,none,,13,2,6,0,2,23,False,cat4_physical_exam_ai_model,RQ1_imaging_only
33408594,Artificial Intelligence and its future potential in lung cancer screening.,10.17179/excli2020-3095,EXCLI journal,2020,lung,AI_model,screening,other,both,,,imaging,deep_learning,a human being and can be used to analyze and interpret compl,,,,none,,11,4,6,0,2,23,False,cat2_single_modality_screening,RQ1_imaging_only
35468494,Generative models improve radiomics performance in different tasks and different datasets: An experimental study.,10.1016/j.ejmp.2022.04.008,Physica medica : PM : an international journal devoted to the applications of physics to medicine and biology : official journal of the Italian Association of Biomedical Physics (AIFB),2022,lung,LDCT,diagnosis,other,clinical_diagnosis,,,LDCT|CT,deep_learning,,,,,none,,13,2,5,0,3,23,False,cat4_physical_exam_ai_model,RQ1_imaging_only
39697091,Cost-effectiveness of a machine learning risk prediction model (LungFlag) in the selection of high-risk individuals for non-small cell lung cancer screening in Spain.,10.1080/13696998.2024.2444781,Journal of medical economics,2025,lung,LDCT,screening,other,both,,,LDCT|CT,other_ML,"non-screening, and screening with lungflag versus screening",,,,none,,13,3,3,0,4,23,False,cat4_physical_exam_ai_model,RQ1_imaging_only
40600041,A blood test-based machine learning model for predicting lung cancer risk.,10.3389/fmed.2025.1577451,Frontiers in medicine,2025,lung,LDCT,screening,other,both,,,LDCT|clinical_features,other_ML,,,0.63,,none,,10,2,7,0,4,23,False,cat4_physical_exam_ai_model,RQ1_imaging+clinical
32831492,Appraisal of Deep-Learning Techniques on Computer-Aided Lung Cancer Diagnosis with Computed Tomography Screening.,10.4103/jmp.JMP_101_19,Journal of medical physics,2020,lung,LDCT,screening,other,both,,,LDCT|CT,deep_learning,,,,,none,,13,2,3,3,2,23,False,cat2_single_modality_screening,RQ1_imaging_only
38720391,Impact of deep learning image reconstruction on volumetric accuracy and image quality of pulmonary nodules with different morphologies in low-dose CT.,10.1186/s40644-024-00703-w,Cancer imaging : the official publication of the International Cancer Imaging Society,2024,lung,LDCT,screening,other,screening,,,LDCT,deep_learning,"asir-v, especially at radiation doses below 1 mgy and when r",,,,none,,16,2,1,0,4,23,False,cat4_physical_exam_ai_model,RQ1_imaging_only
40090067,ChatGPT vs. Gemini: Comparative accuracy and efficiency in Lung-RADS score assignment from radiology reports.,10.1016/j.clinimag.2025.110455,Clinical imaging,2025,lung,LDCT,screening,retrospective_cohort,both,,,LDCT|CT|imaging,,"other models, with chatgpt-3",,,,none,,13,5,0,0,4,22,False,cat2_single_modality_screening,RQ1_imaging_only
35768005,Standardized 18F-FDG PET/CT radiomic features provide information on PD-L1 expression status in treatment-naïve patients with non-small cell lung cancer.,10.1055/a-1816-6950,Nuklearmedizin. Nuclear medicine,2022,lung,LDCT,diagnosis,other,clinical_diagnosis,,,LDCT|imaging,logistic_regression,"0,114, 95%-konfidenzintervall (ki): 0,096–0,931 vs",,,,none,,10,2,7,0,3,22,False,cat3_physical_exam_traditional_model,RQ1_imaging_only
39347601,The American Cancer Society National Lung Cancer Roundtable strategic plan: Optimizing strategies for lung nodule evaluation and management.,10.1002/cncr.35181,Cancer,2024,lung,LDCT,screening,other,both,,early,LDCT|CT|imaging,,,,,,none,,13,2,0,3,4,22,False,cat2_single_modality_screening,RQ1_imaging_only
41413294,Budget Impact of the LungFlag™ Predictive Risk Model for Lung Cancer Screening.,10.1007/s41669-025-00627-6,PharmacoEconomics - open,2026,lung,LDCT,screening,other,both,,mixed,LDCT|CT|clinical_features,,,,,,none,,13,2,3,0,4,22,False,cat3_physical_exam_traditional_model,RQ1_imaging+clinical
41083099,From image to report: automating lung cancer screening interpretation and reporting with vision-language models.,10.1016/j.jbi.2025.104931,Journal of biomedical informatics,2025,lung,LDCT,screening,other,both,,early,LDCT|CT|imaging,,"contemporary vlm systems, including m3d ct2report",,,,none,,16,2,0,0,4,22,False,cat4_physical_exam_ai_model,RQ1_imaging_only
40564882,Precision Medicine in Lung Cancer Screening: A Paradigm Shift in Early Detection-Precision Screening for Lung Cancer.,10.3390/diagnostics15121562,"Diagnostics (Basel, Switzerland)",2025,lung,LDCT,screening,other,both,,late,LDCT|CT|clinical_features,,,,,,none,,16,2,0,0,4,22,False,cat4_physical_exam_ai_model,RQ1_imaging+clinical
41454306,Multimodal innovations and clinical applications of Robotic-assisted bronchoscopy in pulmonary nodule diagnosis: a review of recent advances.,10.1186/s12890-025-03936-y,BMC pulmonary medicine,2025,lung,LDCT,screening,other,both,,early,LDCT|imaging,,"conventional approaches, with improved lesion targeting and",,,,none,,16,2,0,0,4,22,False,cat2_single_modality_screening,RQ1_imaging_only
40491372,Analysis of Research Hotspots and Development Trends in the Diagnosis of Lung Diseases Using Low-Dose CT Based on Bibliometrics.,10.2174/0115734056402094250530075121,Current medical imaging,2025,lung,LDCT,screening,other,both,,,LDCT|CT|imaging,deep_learning,,,,,none,,16,2,0,0,4,22,False,cat4_physical_exam_ai_model,RQ1_imaging_only
34478913,Interpretative computer-aided lung cancer diagnosis: From radiology analysis to malignancy evaluation.,10.1016/j.cmpb.2021.106363,Computer methods and programs in biomedicine,2021,lung,LDCT,diagnosis,other,clinical_diagnosis,,,LDCT|CT|imaging,deep_learning,,,,,none,,13,2,4,0,2,21,False,cat4_physical_exam_ai_model,RQ1_imaging_only
28891455,Epigenetic Biomarkers for Risk Assessment of Particulate Matter Associated Lung Cancer.,10.2174/1389450118666170911114342,Current drug targets,2018,lung,other,screening,other,both,,early,imaging|miRNA,,,,,,none,,8,4,6,0,2,20,False,cat2_single_modality_screening,RQ1_imaging_only
33261057,Artificial Intelligence Tools for Refining Lung Cancer Screening.,10.3390/jcm9123860,Journal of clinical medicine,2020,lung,LDCT,screening,other,both,,,LDCT|imaging,,"humans, ai has the potential to aid clinicians in the interp",,,,none,,16,2,0,0,2,20,False,cat4_physical_exam_ai_model,RQ1_imaging_only
37689528,Machine Learning Study of SNPs in Noncoding Regions to Predict Non-small Cell Lung Cancer Susceptibility.,10.1016/j.clon.2023.08.010,Clinical oncology (Royal College of Radiologists (Great Britain)),2023,lung,LDCT,screening,other,both,467.0,,LDCT,logistic_regression,,,,,none,,10,6,0,1,3,20,False,cat4_physical_exam_ai_model,RQ1_imaging_only
36291800,Measurement Accuracy and Repeatability of RECIST-Defined Pulmonary Lesions and Lymph Nodes in Ultra-Low-Dose CT Based on Deep Learning Image Reconstruction.,10.3390/cancers14205016,Cancers,2022,lung,LDCT,screening,other,screening,,,LDCT,deep_learning,,,,,none,,13,2,2,0,3,20,False,cat4_physical_exam_ai_model,RQ1_imaging_only
35870539,Improving malignancy risk prediction of indeterminate pulmonary nodules with imaging features and biomarkers.,10.1016/j.cca.2022.07.010,Clinica chimica acta; international journal of clinical chemistry,2022,lung,blood_protein,diagnosis,other,clinical_diagnosis,338.0,,blood_protein|clinical_features|imaging,random_forest,the current standard of risk estimation (mayo),,,,none,,5,8,3,1,3,20,False,cat2_single_modality_screening,RQ1_imaging+liquid
41726431,Automating Lung-RADS Categorization And Follow-Up Recommendations Using In-Context Learning With Large Language Models.,10.21203/rs.3.rs-24642/v4,AMIA ... Annual Symposium proceedings. AMIA Symposium,2024,lung,LDCT,screening,other,screening,,,LDCT|CT|imaging,,,,,,none,,13,2,0,0,4,19,False,cat2_single_modality_screening,RQ1_imaging_only
31947269,Hybrid Neural Networks for Mortality Prediction from LDCT Images.,10.1109/EMBC.2019.8857180,Annual International Conference of the IEEE Engineering in Medicine and Biology Society. IEEE Engineering in Medicine and Biology Society. Annual International Conference,2019,lung,LDCT,diagnosis,other,clinical_diagnosis,,,LDCT|imaging,deep_learning,the neural networks with only image input and with other tra,,,,none,,13,2,0,0,2,17,False,cat4_physical_exam_ai_model,RQ1_imaging_only
31256186,Application of 18F-FDG PET-CT in the management of pulmonary nodule and mass - a pictorial review.,,The Medical journal of Malaysia,2019,lung,LDCT,screening,other,both,,,LDCT|imaging,,,,,,none,,13,2,0,0,2,17,False,cat2_single_modality_screening,RQ1_imaging_only
37577306,Radiomic signature accurately predicts the risk of metastatic dissemination in late-stage non-small cell lung cancer.,10.21037/tlcr-23-60,Translational lung cancer research,2023,lung,imaging,diagnosis,other,clinical_diagnosis,115.0,late,CT|imaging,logistic_regression,,,,,none,,5,5,0,0,7,17,False,cat2_single_modality_screening,RQ1_imaging_only
36086366,Unsupervised Approach for Malignancy Assessment of Lung Nodules in Computed Tomography Scans Using Radiomic Features.,10.1109/EMBC48229.2022.9871704,Annual International Conference of the IEEE Engineering in Medicine and Biology Society. IEEE Engineering in Medicine and Biology Society. Annual International Conference,2022,lung,LDCT,screening,other,both,,,LDCT|CT,other_ML,,,,,none,,10,2,0,0,3,15,False,cat4_physical_exam_ai_model,RQ1_imaging_only
29196095,Prognostic value of combining a quantitative image feature from positron emission tomography with clinical factors in oligometastatic non-small cell lung cancer.,10.1016/j.radonc.2017.11.006,Radiotherapy and oncology : journal of the European Society for Therapeutic Radiology and Oncology,2018,lung,other,diagnosis,other,clinical_diagnosis,79.0,late,imaging,Cox,those of the metastatic sites,,,,none,,5,4,0,0,6,15,False,cat2_single_modality_screening,RQ1_imaging_only
40269593,Thoracic metabolic tumor volume predicts survival in advanced lung adenocarcinoma: a PET/computed tomography-based cohort study.,10.1097/MNM.0000000000001983,Nuclear medicine communications,2025,lung,multimodal,diagnosis,retrospective_cohort,clinical_diagnosis,109.0,late,CT|imaging,Cox,,,,,none,,0,7,2,0,4,13,False,cat2_single_modality_screening,RQ1_imaging_only
